item_purchased,predicted_score
Blouse,4.127872869392876
Pants,4.1
Shirt,4.1
Jewelry,4.087445819720521
Dress,4.077473428944843
